create database grocery;

\connect grocery

CREATE TABLE Customer (
    id SERIAL PRIMARY KEY,
    name VARCHAR(100),
    email VARCHAR(255) NOT NULL
);

CREATE TABLE Discount (
    id SERIAL PRIMARY KEY,
    percent INTEGER,
    membership_type VARCHAR(10)
);

CREATE TABLE CustomerProfile (
    id SERIAL PRIMARY KEY,
    customer_id INTEGER REFERENCES Customer(id),
    membership_type_id INTEGER REFERENCES Discount(id)
);

CREATE TABLE Item (
    id SERIAL PRIMARY KEY,
    product_name VARCHAR(100),
    cost INTEGER
);

CREATE TABLE CustOrder (
    id SERIAL PRIMARY KEY,
    customer_id INTEGER REFERENCES Customer(id),
    date_placed DATE
);

CREATE TABLE OrderItems (
    id SERIAL PRIMARY KEY,
    order_id INTEGER REFERENCES CustOrder(id),
    item_id INTEGER REFERENCES Item(id)
);


insert into Customer (id, name, email) values (1, 'Karlie', 'klaise0@microsoft.com');
insert into Customer (id, name, email) values (2, 'Benedict', 'bmessiter1@ucoz.ru');
insert into Customer (id, name, email) values (3, 'Benedict', 'bmccorkindale2@google.de');
insert into Customer (id, name, email) values (4, 'Mela', 'marpino3@si.edu');
insert into Customer (id, name, email) values (5, 'Jobye', 'jtadgell4@google.nl');
insert into Customer (id, name, email) values (6, 'Wandis', 'wvaudre5@reference.com');
insert into Customer (id, name, email) values (7, 'Shanna', 'sdecastelain6@slashdot.org');
insert into Customer (id, name, email) values (8, 'Issie', 'iyarrall7@independent.co.uk');
insert into Customer (id, name, email) values (9, 'Lynea', 'lmurton8@uiuc.edu');
insert into Customer (id, name, email) values (10, 'Dalton', 'dhucklesby9@tinyurl.com');
insert into Customer (id, name, email) values (11, 'Joanne', 'jbeeta@google.com.hk');
insert into Customer (id, name, email) values (12, 'Jon', 'jphilippoub@hibu.com');
insert into Customer (id, name, email) values (13, 'Jase', 'jguyerc@sohu.com');
insert into Customer (id, name, email) values (14, 'Dulsea', 'dkunathd@123-reg.co.uk');
insert into Customer (id, name, email) values (15, 'Marilee', 'mjuszkiewicze@t.co');
insert into Customer (id, name, email) values (16, 'Cornie', 'cstockfordf@github.com');
insert into Customer (id, name, email) values (17, 'Janeen', 'jairesg@cisco.com');
insert into Customer (id, name, email) values (18, 'Isabella', 'ifipph@netvibes.com');
insert into Customer (id, name, email) values (19, 'Danyelle', 'dbassetti@cafepress.com');
insert into Customer (id, name, email) values (20, 'Valerie', 'vwillowayj@hostgator.com');
insert into Customer (id, name, email) values (21, 'Harmonia', 'hgallaherk@ihg.com');
insert into Customer (id, name, email) values (22, 'Callean', 'csurmanwellsl@engadget.com');
insert into Customer (id, name, email) values (23, 'Conway', 'cmundaym@bigcartel.com');
insert into Customer (id, name, email) values (24, 'Dreddy', 'dstenbridgen@ask.com');
insert into Customer (id, name, email) values (25, 'Cyndia', 'csavileo@canalblog.com');
insert into Customer (id, name, email) values (26, 'Donni', 'dmardyp@posterous.com');
insert into Customer (id, name, email) values (27, 'Bertine', 'bmawdsleyq@wordpress.com');
insert into Customer (id, name, email) values (28, 'Thaxter', 'teldinr@furl.net');
insert into Customer (id, name, email) values (29, 'Bernadette', 'bfrancombs@liveinternet.ru');
insert into Customer (id, name, email) values (30, 'Tomasina', 'tgregorit@hao123.com');
insert into Customer (id, name, email) values (31, 'Lisle', 'lingramu@washington.edu');
insert into Customer (id, name, email) values (32, 'Launce', 'ltutev@live.com');
insert into Customer (id, name, email) values (33, 'Petronille', 'pchickw@hugedomains.com');
insert into Customer (id, name, email) values (34, 'Patrizia', 'pspykinsx@cnn.com');
insert into Customer (id, name, email) values (35, 'Berti', 'bmeiningery@godaddy.com');
insert into Customer (id, name, email) values (36, 'Asher', 'aswanz@github.com');
insert into Customer (id, name, email) values (37, 'Ali', 'afleet10@posterous.com');
insert into Customer (id, name, email) values (38, 'Ashton', 'akebbell11@shinystat.com');
insert into Customer (id, name, email) values (39, 'Alex', 'afehner12@yahoo.com');
insert into Customer (id, name, email) values (40, 'Galvin', 'gpress13@apple.com');
insert into Customer (id, name, email) values (41, 'Constancia', 'cmacgruer14@dion.ne.jp');
insert into Customer (id, name, email) values (42, 'Hashim', 'hcasari15@printfriendly.com');
insert into Customer (id, name, email) values (43, 'Stacia', 'spenhearow16@bravesites.com');
insert into Customer (id, name, email) values (44, 'Thorndike', 'tlaverock17@yelp.com');
insert into Customer (id, name, email) values (45, 'Nathan', 'ndumbrill18@theglobeandmail.com');
insert into Customer (id, name, email) values (46, 'Brit', 'bhuman19@theatlantic.com');
insert into Customer (id, name, email) values (47, 'Dory', 'dskarr1a@weather.com');
insert into Customer (id, name, email) values (48, 'Gerrilee', 'gjaimez1b@livejournal.com');
insert into Customer (id, name, email) values (49, 'Haley', 'hsummons1c@typepad.com');
insert into Customer (id, name, email) values (50, 'Kikelia', 'krobertshaw1d@umn.edu');

insert into Discount (id, percent, membership_type) values (1, 10, 'Bronze');
insert into Discount (id, percent, membership_type) values (2, 20, 'Silver');
insert into Discount (id, percent, membership_type) values (3, 50, 'Gold');

insert into CustomerProfile (id, customer_id, membership_type_id) values (1, 1, null);
insert into CustomerProfile (id, customer_id, membership_type_id) values (2, 2, null);
insert into CustomerProfile (id, customer_id, membership_type_id) values (3, 3, 2);
insert into CustomerProfile (id, customer_id, membership_type_id) values (4, 4, null);
insert into CustomerProfile (id, customer_id, membership_type_id) values (5, 5, null);
insert into CustomerProfile (id, customer_id, membership_type_id) values (6, 6, null);
insert into CustomerProfile (id, customer_id, membership_type_id) values (7, 7, 2);
insert into CustomerProfile (id, customer_id, membership_type_id) values (8, 8, null);
insert into CustomerProfile (id, customer_id, membership_type_id) values (9, 9, 1);
insert into CustomerProfile (id, customer_id, membership_type_id) values (10, 10, 2);
insert into CustomerProfile (id, customer_id, membership_type_id) values (11, 11, 1);
insert into CustomerProfile (id, customer_id, membership_type_id) values (12, 12, null);
insert into CustomerProfile (id, customer_id, membership_type_id) values (13, 13, 2);
insert into CustomerProfile (id, customer_id, membership_type_id) values (14, 14, null);
insert into CustomerProfile (id, customer_id, membership_type_id) values (15, 15, null);
insert into CustomerProfile (id, customer_id, membership_type_id) values (16, 16, null);
insert into CustomerProfile (id, customer_id, membership_type_id) values (17, 17, 3);
insert into CustomerProfile (id, customer_id, membership_type_id) values (18, 18, 2);
insert into CustomerProfile (id, customer_id, membership_type_id) values (19, 19, 1);
insert into CustomerProfile (id, customer_id, membership_type_id) values (20, 20, 3);
insert into CustomerProfile (id, customer_id, membership_type_id) values (21, 21, 3);
insert into CustomerProfile (id, customer_id, membership_type_id) values (22, 22, 1);
insert into CustomerProfile (id, customer_id, membership_type_id) values (23, 23, 3);
insert into CustomerProfile (id, customer_id, membership_type_id) values (24, 24, 1);
insert into CustomerProfile (id, customer_id, membership_type_id) values (25, 25, 2);
insert into CustomerProfile (id, customer_id, membership_type_id) values (26, 26, 2);
insert into CustomerProfile (id, customer_id, membership_type_id) values (27, 27, 3);
insert into CustomerProfile (id, customer_id, membership_type_id) values (28, 28, null);
insert into CustomerProfile (id, customer_id, membership_type_id) values (29, 29, null);
insert into CustomerProfile (id, customer_id, membership_type_id) values (30, 30, null);
insert into CustomerProfile (id, customer_id, membership_type_id) values (31, 31, 2);
insert into CustomerProfile (id, customer_id, membership_type_id) values (32, 32, null);
insert into CustomerProfile (id, customer_id, membership_type_id) values (33, 33, 3);
insert into CustomerProfile (id, customer_id, membership_type_id) values (34, 34, 3);
insert into CustomerProfile (id, customer_id, membership_type_id) values (35, 35, 3);
insert into CustomerProfile (id, customer_id, membership_type_id) values (36, 36, 1);
insert into CustomerProfile (id, customer_id, membership_type_id) values (37, 37, null);
insert into CustomerProfile (id, customer_id, membership_type_id) values (38, 38, null);
insert into CustomerProfile (id, customer_id, membership_type_id) values (39, 39, 3);
insert into CustomerProfile (id, customer_id, membership_type_id) values (40, 40, 1);
insert into CustomerProfile (id, customer_id, membership_type_id) values (41, 41, null);
insert into CustomerProfile (id, customer_id, membership_type_id) values (42, 42, 1);
insert into CustomerProfile (id, customer_id, membership_type_id) values (43, 43, null);
insert into CustomerProfile (id, customer_id, membership_type_id) values (44, 44, null);
insert into CustomerProfile (id, customer_id, membership_type_id) values (45, 45, null);
insert into CustomerProfile (id, customer_id, membership_type_id) values (46, 46, 1);
insert into CustomerProfile (id, customer_id, membership_type_id) values (47, 47, 1);
insert into CustomerProfile (id, customer_id, membership_type_id) values (48, 48, null);
insert into CustomerProfile (id, customer_id, membership_type_id) values (49, 49, null);
insert into CustomerProfile (id, customer_id, membership_type_id) values (50, 50, null);


insert into Item (id, product_name, cost) values (1, 'Muffin Batt - Blueberry Passion', 70);
insert into Item (id, product_name, cost) values (2, 'Beans - Butter Lrg Lima', 64);
insert into Item (id, product_name, cost) values (3, 'Wine - Chardonnay South', 72);
insert into Item (id, product_name, cost) values (4, 'Zucchini - Green', 14);
insert into Item (id, product_name, cost) values (5, 'Bread - Onion Focaccia', 47);
insert into Item (id, product_name, cost) values (6, 'Emulsifier', 11);
insert into Item (id, product_name, cost) values (7, 'Salsify, Organic', 14);
insert into Item (id, product_name, cost) values (8, 'Wine - Barossa Valley Estate', 5);
insert into Item (id, product_name, cost) values (9, 'Lettuce - Escarole', 76);
insert into Item (id, product_name, cost) values (10, 'Bread - Rosemary Focaccia', 31);
insert into Item (id, product_name, cost) values (11, 'Broom Handle', 33);
insert into Item (id, product_name, cost) values (12, 'Glaze - Clear', 23);
insert into Item (id, product_name, cost) values (13, 'Garlic', 83);
insert into Item (id, product_name, cost) values (14, 'Chilli Paste, Sambal Oelek', 25);
insert into Item (id, product_name, cost) values (15, 'Muffin Mix - Carrot', 94);
insert into Item (id, product_name, cost) values (16, 'Bar - Sweet And Salty Chocolate', 85);
insert into Item (id, product_name, cost) values (17, 'Pork Ham Prager', 91);
insert into Item (id, product_name, cost) values (18, 'Cheese - Roquefort Pappillon', 59);
insert into Item (id, product_name, cost) values (19, 'Bread - Triangle White', 19);
insert into Item (id, product_name, cost) values (20, 'Tray - Foam, Square 4 - S', 11);


insert into CustOrder (id, customer_id, date_placed) values (1, 23, '10/4/2022');
insert into CustOrder (id, customer_id, date_placed) values (2, 46, '5/9/2023');
insert into CustOrder (id, customer_id, date_placed) values (3, 18, '4/4/2023');
insert into CustOrder (id, customer_id, date_placed) values (4, 19, '5/29/2022');
insert into CustOrder (id, customer_id, date_placed) values (5, 43, '10/29/2022');
insert into CustOrder (id, customer_id, date_placed) values (6, 12, '10/27/2022');
insert into CustOrder (id, customer_id, date_placed) values (7, 8, '4/10/2023');
insert into CustOrder (id, customer_id, date_placed) values (8, 23, '3/7/2023');
insert into CustOrder (id, customer_id, date_placed) values (9, 22, '2/4/2023');
insert into CustOrder (id, customer_id, date_placed) values (10, 14, '9/25/2022');
insert into CustOrder (id, customer_id, date_placed) values (11, 26, '7/21/2022');
insert into CustOrder (id, customer_id, date_placed) values (12, 15, '10/25/2022');
insert into CustOrder (id, customer_id, date_placed) values (13, 38, '6/7/2022');
insert into CustOrder (id, customer_id, date_placed) values (14, 30, '5/21/2022');
insert into CustOrder (id, customer_id, date_placed) values (15, 15, '2/25/2023');
insert into CustOrder (id, customer_id, date_placed) values (16, 32, '12/2/2022');
insert into CustOrder (id, customer_id, date_placed) values (17, 34, '10/1/2022');
insert into CustOrder (id, customer_id, date_placed) values (18, 43, '11/24/2022');
insert into CustOrder (id, customer_id, date_placed) values (19, 3, '7/7/2022');
insert into CustOrder (id, customer_id, date_placed) values (20, 3, '9/9/2022');
insert into CustOrder (id, customer_id, date_placed) values (21, 13, '1/12/2023');
insert into CustOrder (id, customer_id, date_placed) values (22, 28, '3/28/2023');
insert into CustOrder (id, customer_id, date_placed) values (23, 40, '11/5/2022');
insert into CustOrder (id, customer_id, date_placed) values (24, 25, '6/7/2022');
insert into CustOrder (id, customer_id, date_placed) values (25, 8, '7/18/2022');
insert into CustOrder (id, customer_id, date_placed) values (26, 34, '10/18/2022');
insert into CustOrder (id, customer_id, date_placed) values (27, 37, '1/22/2023');
insert into CustOrder (id, customer_id, date_placed) values (28, 22, '10/5/2022');
insert into CustOrder (id, customer_id, date_placed) values (29, 33, '1/13/2023');
insert into CustOrder (id, customer_id, date_placed) values (30, 27, '7/4/2022');
insert into CustOrder (id, customer_id, date_placed) values (31, 34, '5/3/2023');
insert into CustOrder (id, customer_id, date_placed) values (32, 6, '7/15/2022');
insert into CustOrder (id, customer_id, date_placed) values (33, 21, '4/27/2023');
insert into CustOrder (id, customer_id, date_placed) values (34, 26, '7/13/2022');
insert into CustOrder (id, customer_id, date_placed) values (35, 39, '11/13/2022');
insert into CustOrder (id, customer_id, date_placed) values (36, 13, '12/25/2022');
insert into CustOrder (id, customer_id, date_placed) values (37, 26, '2/12/2023');
insert into CustOrder (id, customer_id, date_placed) values (38, 33, '11/15/2022');
insert into CustOrder (id, customer_id, date_placed) values (39, 14, '12/19/2022');
insert into CustOrder (id, customer_id, date_placed) values (40, 41, '4/21/2023');
insert into CustOrder (id, customer_id, date_placed) values (41, 23, '9/2/2022');
insert into CustOrder (id, customer_id, date_placed) values (42, 18, '10/21/2022');
insert into CustOrder (id, customer_id, date_placed) values (43, 5, '6/28/2022');
insert into CustOrder (id, customer_id, date_placed) values (44, 46, '5/21/2022');
insert into CustOrder (id, customer_id, date_placed) values (45, 1, '8/12/2022');
insert into CustOrder (id, customer_id, date_placed) values (46, 32, '10/31/2022');
insert into CustOrder (id, customer_id, date_placed) values (47, 50, '1/2/2023');
insert into CustOrder (id, customer_id, date_placed) values (48, 46, '5/1/2023');
insert into CustOrder (id, customer_id, date_placed) values (49, 32, '1/13/2023');
insert into CustOrder (id, customer_id, date_placed) values (50, 6, '6/25/2022');
insert into CustOrder (id, customer_id, date_placed) values (51, 46, '9/18/2022');
insert into CustOrder (id, customer_id, date_placed) values (52, 36, '8/23/2022');
insert into CustOrder (id, customer_id, date_placed) values (53, 16, '7/10/2022');
insert into CustOrder (id, customer_id, date_placed) values (54, 35, '7/24/2022');
insert into CustOrder (id, customer_id, date_placed) values (55, 20, '8/27/2022');
insert into CustOrder (id, customer_id, date_placed) values (56, 46, '9/7/2022');
insert into CustOrder (id, customer_id, date_placed) values (57, 12, '11/3/2022');
insert into CustOrder (id, customer_id, date_placed) values (58, 27, '9/15/2022');
insert into CustOrder (id, customer_id, date_placed) values (59, 31, '8/22/2022');
insert into CustOrder (id, customer_id, date_placed) values (60, 33, '3/10/2023');
insert into CustOrder (id, customer_id, date_placed) values (61, 15, '7/5/2022');
insert into CustOrder (id, customer_id, date_placed) values (62, 16, '1/9/2023');
insert into CustOrder (id, customer_id, date_placed) values (63, 48, '8/15/2022');
insert into CustOrder (id, customer_id, date_placed) values (64, 42, '9/1/2022');
insert into CustOrder (id, customer_id, date_placed) values (65, 40, '7/20/2022');
insert into CustOrder (id, customer_id, date_placed) values (66, 42, '2/13/2023');
insert into CustOrder (id, customer_id, date_placed) values (67, 44, '4/19/2023');
insert into CustOrder (id, customer_id, date_placed) values (68, 7, '8/17/2022');
insert into CustOrder (id, customer_id, date_placed) values (69, 15, '11/16/2022');
insert into CustOrder (id, customer_id, date_placed) values (70, 41, '7/9/2022');
insert into CustOrder (id, customer_id, date_placed) values (71, 19, '10/7/2022');
insert into CustOrder (id, customer_id, date_placed) values (72, 19, '6/26/2022');
insert into CustOrder (id, customer_id, date_placed) values (73, 5, '11/1/2022');
insert into CustOrder (id, customer_id, date_placed) values (74, 35, '5/13/2023');
insert into CustOrder (id, customer_id, date_placed) values (75, 36, '3/26/2023');
insert into CustOrder (id, customer_id, date_placed) values (76, 5, '9/1/2022');
insert into CustOrder (id, customer_id, date_placed) values (77, 35, '1/23/2023');
insert into CustOrder (id, customer_id, date_placed) values (78, 2, '1/3/2023');
insert into CustOrder (id, customer_id, date_placed) values (79, 9, '7/19/2022');
insert into CustOrder (id, customer_id, date_placed) values (80, 15, '8/6/2022');
insert into CustOrder (id, customer_id, date_placed) values (81, 45, '12/17/2022');
insert into CustOrder (id, customer_id, date_placed) values (82, 49, '7/5/2022');
insert into CustOrder (id, customer_id, date_placed) values (83, 17, '8/10/2022');
insert into CustOrder (id, customer_id, date_placed) values (84, 9, '11/20/2022');
insert into CustOrder (id, customer_id, date_placed) values (85, 50, '11/13/2022');
insert into CustOrder (id, customer_id, date_placed) values (86, 13, '9/10/2022');
insert into CustOrder (id, customer_id, date_placed) values (87, 14, '2/23/2023');
insert into CustOrder (id, customer_id, date_placed) values (88, 17, '10/28/2022');
insert into CustOrder (id, customer_id, date_placed) values (89, 30, '5/30/2022');
insert into CustOrder (id, customer_id, date_placed) values (90, 30, '9/5/2022');
insert into CustOrder (id, customer_id, date_placed) values (91, 49, '10/23/2022');
insert into CustOrder (id, customer_id, date_placed) values (92, 7, '1/17/2023');
insert into CustOrder (id, customer_id, date_placed) values (93, 46, '3/25/2023');
insert into CustOrder (id, customer_id, date_placed) values (94, 33, '8/13/2022');
insert into CustOrder (id, customer_id, date_placed) values (95, 7, '5/29/2022');
insert into CustOrder (id, customer_id, date_placed) values (96, 43, '7/15/2022');
insert into CustOrder (id, customer_id, date_placed) values (97, 19, '8/25/2022');
insert into CustOrder (id, customer_id, date_placed) values (98, 46, '3/7/2023');
insert into CustOrder (id, customer_id, date_placed) values (99, 11, '1/9/2023');
insert into CustOrder (id, customer_id, date_placed) values (100, 46, '9/23/2022');


insert into OrderItems (id, order_id, item_id) values (1, 74, 1);
insert into OrderItems (id, order_id, item_id) values (2, 23, 4);
insert into OrderItems (id, order_id, item_id) values (3, 56, 19);
insert into OrderItems (id, order_id, item_id) values (4, 43, 3);
insert into OrderItems (id, order_id, item_id) values (5, 52, 15);
insert into OrderItems (id, order_id, item_id) values (6, 35, 10);
insert into OrderItems (id, order_id, item_id) values (7, 35, 1);
insert into OrderItems (id, order_id, item_id) values (8, 58, 7);
insert into OrderItems (id, order_id, item_id) values (9, 57, 11);
insert into OrderItems (id, order_id, item_id) values (10, 66, 3);
insert into OrderItems (id, order_id, item_id) values (11, 55, 5);
insert into OrderItems (id, order_id, item_id) values (12, 97, 12);
insert into OrderItems (id, order_id, item_id) values (13, 31, 6);
insert into OrderItems (id, order_id, item_id) values (14, 69, 11);
insert into OrderItems (id, order_id, item_id) values (15, 67, 9);
insert into OrderItems (id, order_id, item_id) values (16, 23, 10);
insert into OrderItems (id, order_id, item_id) values (17, 5, 11);
insert into OrderItems (id, order_id, item_id) values (18, 52, 6);
insert into OrderItems (id, order_id, item_id) values (19, 92, 2);
insert into OrderItems (id, order_id, item_id) values (20, 93, 12);
insert into OrderItems (id, order_id, item_id) values (21, 60, 14);
insert into OrderItems (id, order_id, item_id) values (22, 35, 16);
insert into OrderItems (id, order_id, item_id) values (23, 72, 12);
insert into OrderItems (id, order_id, item_id) values (24, 56, 3);
insert into OrderItems (id, order_id, item_id) values (25, 73, 20);
insert into OrderItems (id, order_id, item_id) values (26, 25, 8);
insert into OrderItems (id, order_id, item_id) values (27, 15, 10);
insert into OrderItems (id, order_id, item_id) values (28, 49, 1);
insert into OrderItems (id, order_id, item_id) values (29, 75, 8);
insert into OrderItems (id, order_id, item_id) values (30, 72, 1);
insert into OrderItems (id, order_id, item_id) values (31, 71, 5);
insert into OrderItems (id, order_id, item_id) values (32, 77, 1);
insert into OrderItems (id, order_id, item_id) values (33, 98, 15);
insert into OrderItems (id, order_id, item_id) values (34, 3, 18);
insert into OrderItems (id, order_id, item_id) values (35, 93, 12);
insert into OrderItems (id, order_id, item_id) values (36, 74, 4);
insert into OrderItems (id, order_id, item_id) values (37, 91, 7);
insert into OrderItems (id, order_id, item_id) values (38, 71, 7);
insert into OrderItems (id, order_id, item_id) values (39, 69, 20);
insert into OrderItems (id, order_id, item_id) values (40, 69, 5);
insert into OrderItems (id, order_id, item_id) values (41, 5, 8);
insert into OrderItems (id, order_id, item_id) values (42, 83, 16);
insert into OrderItems (id, order_id, item_id) values (43, 27, 10);
insert into OrderItems (id, order_id, item_id) values (44, 36, 2);
insert into OrderItems (id, order_id, item_id) values (45, 41, 16);
insert into OrderItems (id, order_id, item_id) values (46, 7, 8);
insert into OrderItems (id, order_id, item_id) values (47, 94, 10);
insert into OrderItems (id, order_id, item_id) values (48, 78, 19);
insert into OrderItems (id, order_id, item_id) values (49, 26, 3);
insert into OrderItems (id, order_id, item_id) values (50, 68, 3);
insert into OrderItems (id, order_id, item_id) values (51, 9, 4);
insert into OrderItems (id, order_id, item_id) values (52, 81, 8);
insert into OrderItems (id, order_id, item_id) values (53, 65, 17);
insert into OrderItems (id, order_id, item_id) values (54, 77, 15);
insert into OrderItems (id, order_id, item_id) values (55, 39, 7);
insert into OrderItems (id, order_id, item_id) values (56, 6, 2);
insert into OrderItems (id, order_id, item_id) values (57, 20, 16);
insert into OrderItems (id, order_id, item_id) values (58, 50, 17);
insert into OrderItems (id, order_id, item_id) values (59, 46, 16);
insert into OrderItems (id, order_id, item_id) values (60, 39, 8);
insert into OrderItems (id, order_id, item_id) values (61, 82, 4);
insert into OrderItems (id, order_id, item_id) values (62, 92, 13);
insert into OrderItems (id, order_id, item_id) values (63, 50, 6);
insert into OrderItems (id, order_id, item_id) values (64, 60, 17);
insert into OrderItems (id, order_id, item_id) values (65, 11, 18);
insert into OrderItems (id, order_id, item_id) values (66, 60, 11);
insert into OrderItems (id, order_id, item_id) values (67, 92, 5);
insert into OrderItems (id, order_id, item_id) values (68, 12, 12);
insert into OrderItems (id, order_id, item_id) values (69, 96, 19);
insert into OrderItems (id, order_id, item_id) values (70, 36, 11);
insert into OrderItems (id, order_id, item_id) values (71, 2, 6);
insert into OrderItems (id, order_id, item_id) values (72, 79, 5);
insert into OrderItems (id, order_id, item_id) values (73, 26, 5);
insert into OrderItems (id, order_id, item_id) values (74, 90, 10);
insert into OrderItems (id, order_id, item_id) values (75, 9, 12);
insert into OrderItems (id, order_id, item_id) values (76, 12, 4);
insert into OrderItems (id, order_id, item_id) values (77, 64, 5);
insert into OrderItems (id, order_id, item_id) values (78, 53, 18);
insert into OrderItems (id, order_id, item_id) values (79, 43, 5);
insert into OrderItems (id, order_id, item_id) values (80, 1, 10);
insert into OrderItems (id, order_id, item_id) values (81, 7, 13);
insert into OrderItems (id, order_id, item_id) values (82, 32, 9);
insert into OrderItems (id, order_id, item_id) values (83, 24, 14);
insert into OrderItems (id, order_id, item_id) values (84, 83, 9);
insert into OrderItems (id, order_id, item_id) values (85, 31, 2);
insert into OrderItems (id, order_id, item_id) values (86, 20, 13);
insert into OrderItems (id, order_id, item_id) values (87, 78, 6);
insert into OrderItems (id, order_id, item_id) values (88, 94, 8);
insert into OrderItems (id, order_id, item_id) values (89, 48, 2);
insert into OrderItems (id, order_id, item_id) values (90, 9, 8);
insert into OrderItems (id, order_id, item_id) values (91, 5, 2);
insert into OrderItems (id, order_id, item_id) values (92, 47, 18);
insert into OrderItems (id, order_id, item_id) values (93, 22, 7);
insert into OrderItems (id, order_id, item_id) values (94, 10, 1);
insert into OrderItems (id, order_id, item_id) values (95, 33, 20);
insert into OrderItems (id, order_id, item_id) values (96, 90, 1);
insert into OrderItems (id, order_id, item_id) values (97, 44, 20);
insert into OrderItems (id, order_id, item_id) values (98, 61, 2);
insert into OrderItems (id, order_id, item_id) values (99, 74, 15);
insert into OrderItems (id, order_id, item_id) values (100, 53, 15);
insert into OrderItems (id, order_id, item_id) values (101, 3, 20);
insert into OrderItems (id, order_id, item_id) values (102, 22, 5);
insert into OrderItems (id, order_id, item_id) values (103, 87, 18);
insert into OrderItems (id, order_id, item_id) values (104, 31, 17);
insert into OrderItems (id, order_id, item_id) values (105, 86, 19);
insert into OrderItems (id, order_id, item_id) values (106, 89, 2);
insert into OrderItems (id, order_id, item_id) values (107, 10, 8);
insert into OrderItems (id, order_id, item_id) values (108, 3, 18);
insert into OrderItems (id, order_id, item_id) values (109, 8, 1);
insert into OrderItems (id, order_id, item_id) values (110, 65, 8);
insert into OrderItems (id, order_id, item_id) values (111, 72, 13);
insert into OrderItems (id, order_id, item_id) values (112, 62, 12);
insert into OrderItems (id, order_id, item_id) values (113, 29, 2);
insert into OrderItems (id, order_id, item_id) values (114, 20, 17);
insert into OrderItems (id, order_id, item_id) values (115, 32, 17);
insert into OrderItems (id, order_id, item_id) values (116, 77, 8);
insert into OrderItems (id, order_id, item_id) values (117, 18, 18);
insert into OrderItems (id, order_id, item_id) values (118, 98, 14);
insert into OrderItems (id, order_id, item_id) values (119, 2, 3);
insert into OrderItems (id, order_id, item_id) values (120, 92, 5);
insert into OrderItems (id, order_id, item_id) values (121, 69, 7);
insert into OrderItems (id, order_id, item_id) values (122, 45, 10);
insert into OrderItems (id, order_id, item_id) values (123, 60, 1);
insert into OrderItems (id, order_id, item_id) values (124, 7, 9);
insert into OrderItems (id, order_id, item_id) values (125, 16, 15);
insert into OrderItems (id, order_id, item_id) values (126, 4, 1);
insert into OrderItems (id, order_id, item_id) values (127, 6, 6);
insert into OrderItems (id, order_id, item_id) values (128, 18, 1);
insert into OrderItems (id, order_id, item_id) values (129, 14, 12);
insert into OrderItems (id, order_id, item_id) values (130, 89, 20);
insert into OrderItems (id, order_id, item_id) values (131, 99, 10);
insert into OrderItems (id, order_id, item_id) values (132, 85, 7);
insert into OrderItems (id, order_id, item_id) values (133, 27, 11);
insert into OrderItems (id, order_id, item_id) values (134, 90, 18);
insert into OrderItems (id, order_id, item_id) values (135, 5, 20);
insert into OrderItems (id, order_id, item_id) values (136, 49, 10);
insert into OrderItems (id, order_id, item_id) values (137, 30, 2);
insert into OrderItems (id, order_id, item_id) values (138, 86, 4);
insert into OrderItems (id, order_id, item_id) values (139, 13, 3);
insert into OrderItems (id, order_id, item_id) values (140, 83, 8);
insert into OrderItems (id, order_id, item_id) values (141, 15, 17);
insert into OrderItems (id, order_id, item_id) values (142, 60, 10);
insert into OrderItems (id, order_id, item_id) values (143, 32, 20);
insert into OrderItems (id, order_id, item_id) values (144, 74, 16);
insert into OrderItems (id, order_id, item_id) values (145, 80, 2);
insert into OrderItems (id, order_id, item_id) values (146, 63, 7);
insert into OrderItems (id, order_id, item_id) values (147, 63, 18);
insert into OrderItems (id, order_id, item_id) values (148, 2, 15);
insert into OrderItems (id, order_id, item_id) values (149, 8, 12);
insert into OrderItems (id, order_id, item_id) values (150, 6, 12);
insert into OrderItems (id, order_id, item_id) values (151, 84, 16);
insert into OrderItems (id, order_id, item_id) values (152, 38, 18);
insert into OrderItems (id, order_id, item_id) values (153, 80, 6);
insert into OrderItems (id, order_id, item_id) values (154, 2, 6);
insert into OrderItems (id, order_id, item_id) values (155, 9, 4);
insert into OrderItems (id, order_id, item_id) values (156, 5, 9);
insert into OrderItems (id, order_id, item_id) values (157, 48, 16);
insert into OrderItems (id, order_id, item_id) values (158, 40, 8);
insert into OrderItems (id, order_id, item_id) values (159, 20, 6);
insert into OrderItems (id, order_id, item_id) values (160, 90, 5);
insert into OrderItems (id, order_id, item_id) values (161, 100, 14);
insert into OrderItems (id, order_id, item_id) values (162, 15, 17);
insert into OrderItems (id, order_id, item_id) values (163, 80, 19);
insert into OrderItems (id, order_id, item_id) values (164, 63, 18);
insert into OrderItems (id, order_id, item_id) values (165, 84, 16);
insert into OrderItems (id, order_id, item_id) values (166, 38, 10);
insert into OrderItems (id, order_id, item_id) values (167, 43, 20);
insert into OrderItems (id, order_id, item_id) values (168, 38, 11);
insert into OrderItems (id, order_id, item_id) values (169, 44, 13);
insert into OrderItems (id, order_id, item_id) values (170, 80, 6);
insert into OrderItems (id, order_id, item_id) values (171, 2, 14);
insert into OrderItems (id, order_id, item_id) values (172, 38, 11);
insert into OrderItems (id, order_id, item_id) values (173, 60, 5);
insert into OrderItems (id, order_id, item_id) values (174, 10, 8);
insert into OrderItems (id, order_id, item_id) values (175, 97, 2);
insert into OrderItems (id, order_id, item_id) values (176, 98, 8);
insert into OrderItems (id, order_id, item_id) values (177, 83, 12);
insert into OrderItems (id, order_id, item_id) values (178, 62, 9);
insert into OrderItems (id, order_id, item_id) values (179, 63, 13);
insert into OrderItems (id, order_id, item_id) values (180, 83, 9);
insert into OrderItems (id, order_id, item_id) values (181, 4, 18);
insert into OrderItems (id, order_id, item_id) values (182, 37, 6);
insert into OrderItems (id, order_id, item_id) values (183, 90, 16);
insert into OrderItems (id, order_id, item_id) values (184, 21, 12);
insert into OrderItems (id, order_id, item_id) values (185, 73, 6);
insert into OrderItems (id, order_id, item_id) values (186, 62, 3);
insert into OrderItems (id, order_id, item_id) values (187, 42, 13);
insert into OrderItems (id, order_id, item_id) values (188, 40, 17);
insert into OrderItems (id, order_id, item_id) values (189, 84, 5);
insert into OrderItems (id, order_id, item_id) values (190, 68, 2);
insert into OrderItems (id, order_id, item_id) values (191, 21, 19);
insert into OrderItems (id, order_id, item_id) values (192, 6, 11);
insert into OrderItems (id, order_id, item_id) values (193, 78, 5);
insert into OrderItems (id, order_id, item_id) values (194, 4, 2);
insert into OrderItems (id, order_id, item_id) values (195, 8, 10);
insert into OrderItems (id, order_id, item_id) values (196, 81, 12);
insert into OrderItems (id, order_id, item_id) values (197, 61, 11);
insert into OrderItems (id, order_id, item_id) values (198, 7, 10);
insert into OrderItems (id, order_id, item_id) values (199, 67, 2);
insert into OrderItems (id, order_id, item_id) values (200, 2, 15);
insert into OrderItems (id, order_id, item_id) values (201, 19, 9);
insert into OrderItems (id, order_id, item_id) values (202, 65, 14);
insert into OrderItems (id, order_id, item_id) values (203, 64, 6);
insert into OrderItems (id, order_id, item_id) values (204, 2, 16);
insert into OrderItems (id, order_id, item_id) values (205, 7, 12);
insert into OrderItems (id, order_id, item_id) values (206, 18, 14);
insert into OrderItems (id, order_id, item_id) values (207, 95, 9);
insert into OrderItems (id, order_id, item_id) values (208, 74, 18);
insert into OrderItems (id, order_id, item_id) values (209, 90, 3);
insert into OrderItems (id, order_id, item_id) values (210, 99, 7);
insert into OrderItems (id, order_id, item_id) values (211, 37, 13);
insert into OrderItems (id, order_id, item_id) values (212, 98, 16);
insert into OrderItems (id, order_id, item_id) values (213, 3, 6);
insert into OrderItems (id, order_id, item_id) values (214, 4, 17);
insert into OrderItems (id, order_id, item_id) values (215, 23, 17);
insert into OrderItems (id, order_id, item_id) values (216, 51, 18);
insert into OrderItems (id, order_id, item_id) values (217, 57, 15);
insert into OrderItems (id, order_id, item_id) values (218, 71, 19);
insert into OrderItems (id, order_id, item_id) values (219, 26, 5);
insert into OrderItems (id, order_id, item_id) values (220, 59, 16);
insert into OrderItems (id, order_id, item_id) values (221, 70, 12);
insert into OrderItems (id, order_id, item_id) values (222, 44, 5);
insert into OrderItems (id, order_id, item_id) values (223, 70, 19);
insert into OrderItems (id, order_id, item_id) values (224, 1, 1);
insert into OrderItems (id, order_id, item_id) values (225, 62, 10);
insert into OrderItems (id, order_id, item_id) values (226, 91, 18);
insert into OrderItems (id, order_id, item_id) values (227, 33, 1);
insert into OrderItems (id, order_id, item_id) values (228, 13, 14);
insert into OrderItems (id, order_id, item_id) values (229, 10, 20);
insert into OrderItems (id, order_id, item_id) values (230, 44, 6);
insert into OrderItems (id, order_id, item_id) values (231, 62, 6);
insert into OrderItems (id, order_id, item_id) values (232, 89, 6);
insert into OrderItems (id, order_id, item_id) values (233, 68, 6);
insert into OrderItems (id, order_id, item_id) values (234, 48, 1);
insert into OrderItems (id, order_id, item_id) values (235, 83, 17);
insert into OrderItems (id, order_id, item_id) values (236, 35, 7);
insert into OrderItems (id, order_id, item_id) values (237, 100, 9);
insert into OrderItems (id, order_id, item_id) values (238, 39, 20);
insert into OrderItems (id, order_id, item_id) values (239, 75, 4);
insert into OrderItems (id, order_id, item_id) values (240, 85, 9);
insert into OrderItems (id, order_id, item_id) values (241, 37, 11);
insert into OrderItems (id, order_id, item_id) values (242, 83, 2);
insert into OrderItems (id, order_id, item_id) values (243, 59, 10);
insert into OrderItems (id, order_id, item_id) values (244, 59, 5);
insert into OrderItems (id, order_id, item_id) values (245, 41, 7);
insert into OrderItems (id, order_id, item_id) values (246, 50, 9);
insert into OrderItems (id, order_id, item_id) values (247, 42, 8);
insert into OrderItems (id, order_id, item_id) values (248, 21, 20);
insert into OrderItems (id, order_id, item_id) values (249, 87, 1);
insert into OrderItems (id, order_id, item_id) values (250, 43, 9);
insert into OrderItems (id, order_id, item_id) values (251, 1, 4);
insert into OrderItems (id, order_id, item_id) values (252, 7, 14);
insert into OrderItems (id, order_id, item_id) values (253, 16, 2);
insert into OrderItems (id, order_id, item_id) values (254, 58, 3);
insert into OrderItems (id, order_id, item_id) values (255, 61, 18);
insert into OrderItems (id, order_id, item_id) values (256, 15, 1);
insert into OrderItems (id, order_id, item_id) values (257, 21, 8);
insert into OrderItems (id, order_id, item_id) values (258, 24, 7);
insert into OrderItems (id, order_id, item_id) values (259, 20, 17);
insert into OrderItems (id, order_id, item_id) values (260, 46, 13);
insert into OrderItems (id, order_id, item_id) values (261, 84, 12);
insert into OrderItems (id, order_id, item_id) values (262, 67, 13);
insert into OrderItems (id, order_id, item_id) values (263, 34, 6);
insert into OrderItems (id, order_id, item_id) values (264, 61, 18);
insert into OrderItems (id, order_id, item_id) values (265, 60, 13);
insert into OrderItems (id, order_id, item_id) values (266, 64, 16);
insert into OrderItems (id, order_id, item_id) values (267, 18, 2);
insert into OrderItems (id, order_id, item_id) values (268, 66, 7);
insert into OrderItems (id, order_id, item_id) values (269, 100, 5);
insert into OrderItems (id, order_id, item_id) values (270, 2, 15);
insert into OrderItems (id, order_id, item_id) values (271, 31, 13);
insert into OrderItems (id, order_id, item_id) values (272, 1, 10);
insert into OrderItems (id, order_id, item_id) values (273, 20, 2);
insert into OrderItems (id, order_id, item_id) values (274, 3, 18);
insert into OrderItems (id, order_id, item_id) values (275, 98, 5);
insert into OrderItems (id, order_id, item_id) values (276, 78, 19);
insert into OrderItems (id, order_id, item_id) values (277, 6, 14);
insert into OrderItems (id, order_id, item_id) values (278, 57, 7);
insert into OrderItems (id, order_id, item_id) values (279, 76, 19);
insert into OrderItems (id, order_id, item_id) values (280, 70, 1);
insert into OrderItems (id, order_id, item_id) values (281, 42, 10);
insert into OrderItems (id, order_id, item_id) values (282, 46, 17);
insert into OrderItems (id, order_id, item_id) values (283, 67, 6);
insert into OrderItems (id, order_id, item_id) values (284, 6, 18);
insert into OrderItems (id, order_id, item_id) values (285, 34, 9);
insert into OrderItems (id, order_id, item_id) values (286, 33, 13);
insert into OrderItems (id, order_id, item_id) values (287, 70, 6);
insert into OrderItems (id, order_id, item_id) values (288, 81, 19);
insert into OrderItems (id, order_id, item_id) values (289, 73, 15);
insert into OrderItems (id, order_id, item_id) values (290, 37, 16);
insert into OrderItems (id, order_id, item_id) values (291, 23, 8);
insert into OrderItems (id, order_id, item_id) values (292, 19, 17);
insert into OrderItems (id, order_id, item_id) values (293, 61, 3);
insert into OrderItems (id, order_id, item_id) values (294, 86, 19);
insert into OrderItems (id, order_id, item_id) values (295, 15, 18);
insert into OrderItems (id, order_id, item_id) values (296, 98, 12);
insert into OrderItems (id, order_id, item_id) values (297, 49, 8);
insert into OrderItems (id, order_id, item_id) values (298, 55, 19);
insert into OrderItems (id, order_id, item_id) values (299, 76, 17);
insert into OrderItems (id, order_id, item_id) values (300, 36, 8);
insert into OrderItems (id, order_id, item_id) values (301, 72, 18);
insert into OrderItems (id, order_id, item_id) values (302, 86, 15);
insert into OrderItems (id, order_id, item_id) values (303, 48, 13);
insert into OrderItems (id, order_id, item_id) values (304, 18, 8);
insert into OrderItems (id, order_id, item_id) values (305, 37, 2);
insert into OrderItems (id, order_id, item_id) values (306, 22, 13);
insert into OrderItems (id, order_id, item_id) values (307, 56, 1);
insert into OrderItems (id, order_id, item_id) values (308, 28, 9);
insert into OrderItems (id, order_id, item_id) values (309, 48, 5);
insert into OrderItems (id, order_id, item_id) values (310, 25, 17);
insert into OrderItems (id, order_id, item_id) values (311, 40, 17);
insert into OrderItems (id, order_id, item_id) values (312, 96, 2);
insert into OrderItems (id, order_id, item_id) values (313, 99, 10);
insert into OrderItems (id, order_id, item_id) values (314, 16, 1);
insert into OrderItems (id, order_id, item_id) values (315, 46, 8);
insert into OrderItems (id, order_id, item_id) values (316, 13, 11);
insert into OrderItems (id, order_id, item_id) values (317, 41, 9);
insert into OrderItems (id, order_id, item_id) values (318, 91, 19);
insert into OrderItems (id, order_id, item_id) values (319, 67, 8);
insert into OrderItems (id, order_id, item_id) values (320, 67, 17);
insert into OrderItems (id, order_id, item_id) values (321, 42, 1);
insert into OrderItems (id, order_id, item_id) values (322, 2, 1);
insert into OrderItems (id, order_id, item_id) values (323, 79, 17);
insert into OrderItems (id, order_id, item_id) values (324, 73, 4);
insert into OrderItems (id, order_id, item_id) values (325, 75, 20);
insert into OrderItems (id, order_id, item_id) values (326, 67, 2);
insert into OrderItems (id, order_id, item_id) values (327, 99, 1);
insert into OrderItems (id, order_id, item_id) values (328, 19, 13);
insert into OrderItems (id, order_id, item_id) values (329, 52, 10);
insert into OrderItems (id, order_id, item_id) values (330, 34, 7);
insert into OrderItems (id, order_id, item_id) values (331, 95, 12);
insert into OrderItems (id, order_id, item_id) values (332, 80, 10);
insert into OrderItems (id, order_id, item_id) values (333, 47, 12);
insert into OrderItems (id, order_id, item_id) values (334, 80, 16);
insert into OrderItems (id, order_id, item_id) values (335, 26, 6);
insert into OrderItems (id, order_id, item_id) values (336, 98, 12);
insert into OrderItems (id, order_id, item_id) values (337, 10, 3);
insert into OrderItems (id, order_id, item_id) values (338, 46, 9);
insert into OrderItems (id, order_id, item_id) values (339, 17, 6);
insert into OrderItems (id, order_id, item_id) values (340, 62, 1);
insert into OrderItems (id, order_id, item_id) values (341, 19, 13);
insert into OrderItems (id, order_id, item_id) values (342, 51, 20);
insert into OrderItems (id, order_id, item_id) values (343, 98, 14);
insert into OrderItems (id, order_id, item_id) values (344, 44, 16);
insert into OrderItems (id, order_id, item_id) values (345, 29, 13);
insert into OrderItems (id, order_id, item_id) values (346, 49, 9);
insert into OrderItems (id, order_id, item_id) values (347, 77, 14);
insert into OrderItems (id, order_id, item_id) values (348, 26, 4);
insert into OrderItems (id, order_id, item_id) values (349, 34, 20);
insert into OrderItems (id, order_id, item_id) values (350, 78, 7);
insert into OrderItems (id, order_id, item_id) values (351, 35, 7);
insert into OrderItems (id, order_id, item_id) values (352, 26, 5);
insert into OrderItems (id, order_id, item_id) values (353, 59, 19);
insert into OrderItems (id, order_id, item_id) values (354, 68, 5);
insert into OrderItems (id, order_id, item_id) values (355, 63, 1);
insert into OrderItems (id, order_id, item_id) values (356, 31, 17);
insert into OrderItems (id, order_id, item_id) values (357, 8, 3);
insert into OrderItems (id, order_id, item_id) values (358, 66, 8);
insert into OrderItems (id, order_id, item_id) values (359, 34, 6);
insert into OrderItems (id, order_id, item_id) values (360, 26, 19);
insert into OrderItems (id, order_id, item_id) values (361, 22, 17);
insert into OrderItems (id, order_id, item_id) values (362, 36, 12);
insert into OrderItems (id, order_id, item_id) values (363, 56, 4);
insert into OrderItems (id, order_id, item_id) values (364, 15, 11);
insert into OrderItems (id, order_id, item_id) values (365, 20, 4);
insert into OrderItems (id, order_id, item_id) values (366, 16, 7);
insert into OrderItems (id, order_id, item_id) values (367, 37, 14);
insert into OrderItems (id, order_id, item_id) values (368, 25, 9);
insert into OrderItems (id, order_id, item_id) values (369, 75, 15);
insert into OrderItems (id, order_id, item_id) values (370, 89, 1);
insert into OrderItems (id, order_id, item_id) values (371, 24, 9);
insert into OrderItems (id, order_id, item_id) values (372, 99, 11);
insert into OrderItems (id, order_id, item_id) values (373, 1, 8);
insert into OrderItems (id, order_id, item_id) values (374, 32, 1);
insert into OrderItems (id, order_id, item_id) values (375, 86, 19);
insert into OrderItems (id, order_id, item_id) values (376, 24, 16);
insert into OrderItems (id, order_id, item_id) values (377, 6, 18);
insert into OrderItems (id, order_id, item_id) values (378, 63, 9);
insert into OrderItems (id, order_id, item_id) values (379, 55, 15);
insert into OrderItems (id, order_id, item_id) values (380, 94, 9);
insert into OrderItems (id, order_id, item_id) values (381, 74, 18);
insert into OrderItems (id, order_id, item_id) values (382, 55, 9);
insert into OrderItems (id, order_id, item_id) values (383, 59, 16);
insert into OrderItems (id, order_id, item_id) values (384, 31, 7);
insert into OrderItems (id, order_id, item_id) values (385, 95, 10);
insert into OrderItems (id, order_id, item_id) values (386, 90, 8);
insert into OrderItems (id, order_id, item_id) values (387, 95, 5);
insert into OrderItems (id, order_id, item_id) values (388, 85, 20);
insert into OrderItems (id, order_id, item_id) values (389, 79, 16);
insert into OrderItems (id, order_id, item_id) values (390, 42, 1);
insert into OrderItems (id, order_id, item_id) values (391, 77, 18);
insert into OrderItems (id, order_id, item_id) values (392, 34, 18);
insert into OrderItems (id, order_id, item_id) values (393, 57, 9);
insert into OrderItems (id, order_id, item_id) values (394, 67, 5);
insert into OrderItems (id, order_id, item_id) values (395, 14, 8);
insert into OrderItems (id, order_id, item_id) values (396, 100, 16);
insert into OrderItems (id, order_id, item_id) values (397, 60, 12);
insert into OrderItems (id, order_id, item_id) values (398, 5, 1);
insert into OrderItems (id, order_id, item_id) values (399, 35, 13);
insert into OrderItems (id, order_id, item_id) values (400, 17, 15);
insert into OrderItems (id, order_id, item_id) values (401, 63, 9);
insert into OrderItems (id, order_id, item_id) values (402, 24, 6);
insert into OrderItems (id, order_id, item_id) values (403, 92, 2);
insert into OrderItems (id, order_id, item_id) values (404, 95, 6);
insert into OrderItems (id, order_id, item_id) values (405, 92, 15);
insert into OrderItems (id, order_id, item_id) values (406, 34, 15);
insert into OrderItems (id, order_id, item_id) values (407, 38, 19);
insert into OrderItems (id, order_id, item_id) values (408, 81, 8);
insert into OrderItems (id, order_id, item_id) values (409, 60, 15);
insert into OrderItems (id, order_id, item_id) values (410, 65, 17);
insert into OrderItems (id, order_id, item_id) values (411, 1, 18);
insert into OrderItems (id, order_id, item_id) values (412, 19, 20);
insert into OrderItems (id, order_id, item_id) values (413, 3, 13);
insert into OrderItems (id, order_id, item_id) values (414, 10, 9);
insert into OrderItems (id, order_id, item_id) values (415, 9, 3);
insert into OrderItems (id, order_id, item_id) values (416, 48, 20);
insert into OrderItems (id, order_id, item_id) values (417, 27, 6);
insert into OrderItems (id, order_id, item_id) values (418, 1, 12);
insert into OrderItems (id, order_id, item_id) values (419, 23, 5);
insert into OrderItems (id, order_id, item_id) values (420, 70, 16);
insert into OrderItems (id, order_id, item_id) values (421, 21, 20);
insert into OrderItems (id, order_id, item_id) values (422, 41, 17);
insert into OrderItems (id, order_id, item_id) values (423, 85, 13);
insert into OrderItems (id, order_id, item_id) values (424, 48, 4);
insert into OrderItems (id, order_id, item_id) values (425, 93, 10);
insert into OrderItems (id, order_id, item_id) values (426, 2, 11);
insert into OrderItems (id, order_id, item_id) values (427, 39, 11);
insert into OrderItems (id, order_id, item_id) values (428, 17, 11);
insert into OrderItems (id, order_id, item_id) values (429, 2, 19);
insert into OrderItems (id, order_id, item_id) values (430, 41, 13);
insert into OrderItems (id, order_id, item_id) values (431, 70, 14);
insert into OrderItems (id, order_id, item_id) values (432, 92, 15);
insert into OrderItems (id, order_id, item_id) values (433, 74, 13);
insert into OrderItems (id, order_id, item_id) values (434, 85, 9);
insert into OrderItems (id, order_id, item_id) values (435, 66, 6);
insert into OrderItems (id, order_id, item_id) values (436, 4, 7);
insert into OrderItems (id, order_id, item_id) values (437, 74, 10);
insert into OrderItems (id, order_id, item_id) values (438, 74, 5);
insert into OrderItems (id, order_id, item_id) values (439, 22, 5);
insert into OrderItems (id, order_id, item_id) values (440, 12, 16);
insert into OrderItems (id, order_id, item_id) values (441, 70, 7);
insert into OrderItems (id, order_id, item_id) values (442, 18, 20);
insert into OrderItems (id, order_id, item_id) values (443, 100, 12);
insert into OrderItems (id, order_id, item_id) values (444, 14, 19);
insert into OrderItems (id, order_id, item_id) values (445, 29, 17);
insert into OrderItems (id, order_id, item_id) values (446, 59, 10);
insert into OrderItems (id, order_id, item_id) values (447, 8, 7);
insert into OrderItems (id, order_id, item_id) values (448, 51, 18);
insert into OrderItems (id, order_id, item_id) values (449, 11, 5);
insert into OrderItems (id, order_id, item_id) values (450, 26, 6);
insert into OrderItems (id, order_id, item_id) values (451, 71, 10);
insert into OrderItems (id, order_id, item_id) values (452, 73, 1);
insert into OrderItems (id, order_id, item_id) values (453, 19, 20);
insert into OrderItems (id, order_id, item_id) values (454, 44, 8);
insert into OrderItems (id, order_id, item_id) values (455, 29, 7);
insert into OrderItems (id, order_id, item_id) values (456, 31, 18);
insert into OrderItems (id, order_id, item_id) values (457, 72, 20);
insert into OrderItems (id, order_id, item_id) values (458, 27, 3);
insert into OrderItems (id, order_id, item_id) values (459, 36, 17);
insert into OrderItems (id, order_id, item_id) values (460, 91, 14);
insert into OrderItems (id, order_id, item_id) values (461, 43, 16);
insert into OrderItems (id, order_id, item_id) values (462, 46, 15);
insert into OrderItems (id, order_id, item_id) values (463, 81, 5);
insert into OrderItems (id, order_id, item_id) values (464, 72, 10);
insert into OrderItems (id, order_id, item_id) values (465, 12, 5);
insert into OrderItems (id, order_id, item_id) values (466, 37, 17);
insert into OrderItems (id, order_id, item_id) values (467, 31, 18);
insert into OrderItems (id, order_id, item_id) values (468, 39, 16);
insert into OrderItems (id, order_id, item_id) values (469, 62, 13);
insert into OrderItems (id, order_id, item_id) values (470, 33, 9);
insert into OrderItems (id, order_id, item_id) values (471, 68, 18);
insert into OrderItems (id, order_id, item_id) values (472, 15, 2);
insert into OrderItems (id, order_id, item_id) values (473, 54, 17);
insert into OrderItems (id, order_id, item_id) values (474, 58, 19);
insert into OrderItems (id, order_id, item_id) values (475, 67, 4);
insert into OrderItems (id, order_id, item_id) values (476, 70, 14);
insert into OrderItems (id, order_id, item_id) values (477, 42, 7);
insert into OrderItems (id, order_id, item_id) values (478, 29, 4);
insert into OrderItems (id, order_id, item_id) values (479, 66, 5);
insert into OrderItems (id, order_id, item_id) values (480, 68, 10);
insert into OrderItems (id, order_id, item_id) values (481, 61, 13);
insert into OrderItems (id, order_id, item_id) values (482, 81, 14);
insert into OrderItems (id, order_id, item_id) values (483, 42, 6);
insert into OrderItems (id, order_id, item_id) values (484, 100, 17);
insert into OrderItems (id, order_id, item_id) values (485, 17, 4);
insert into OrderItems (id, order_id, item_id) values (486, 73, 1);
insert into OrderItems (id, order_id, item_id) values (487, 62, 4);
insert into OrderItems (id, order_id, item_id) values (488, 90, 16);
insert into OrderItems (id, order_id, item_id) values (489, 50, 11);
insert into OrderItems (id, order_id, item_id) values (490, 57, 17);
insert into OrderItems (id, order_id, item_id) values (491, 41, 12);
insert into OrderItems (id, order_id, item_id) values (492, 82, 5);
insert into OrderItems (id, order_id, item_id) values (493, 99, 20);
insert into OrderItems (id, order_id, item_id) values (494, 76, 14);
insert into OrderItems (id, order_id, item_id) values (495, 56, 19);
insert into OrderItems (id, order_id, item_id) values (496, 1, 5);
insert into OrderItems (id, order_id, item_id) values (497, 90, 3);
insert into OrderItems (id, order_id, item_id) values (498, 45, 12);
insert into OrderItems (id, order_id, item_id) values (499, 27, 9);
insert into OrderItems (id, order_id, item_id) values (500, 42, 3);
